id,status,created_date,updated_date,author,user
1,true,2/5/2023,4/21/2023,Archibaldo,1
2,false,8/9/2023,3/23/2023,Brand,1
3,false,8/3/2023,2/27/2023,Aloin,1
4,false,1/12/2024,10/2/2023,Werner,1
5,false,7/30/2023,6/9/2023,Chrissy,1
6,true,6/13/2023,12/6/2023,Fifine,1
7,true,2/17/2023,5/2/2023,Ida,1
8,false,8/16/2023,5/5/2023,Romona,1
9,false,1/30/2023,12/15/2023,Marci,1
10,true,1/28/2023,7/31/2023,Abdul,1
11,false,7/14/2023,2/7/2023,Eberto,1
12,false,2/11/2023,9/7/2023,Sheridan,1
13,false,8/22/2023,7/28/2023,Nicola,1
14,false,12/17/2023,1/11/2024,Marcelo,1
15,true,6/24/2023,5/13/2023,Alf,1
16,false,3/26/2023,12/15/2023,Gilda,1
17,false,3/1/2023,9/6/2023,Conny,1
18,false,2/21/2023,5/31/2023,Antonio,1
19,true,9/16/2023,9/2/2023,Freddie,1
20,false,6/30/2023,5/25/2023,Gail,1
21,true,4/1/2023,7/18/2023,Zelda,1
22,false,3/28/2023,8/15/2023,Ignazio,1
23,false,7/28/2023,1/6/2024,Melamie,1
24,true,11/2/2023,4/7/2023,Xerxes,1
25,false,10/7/2023,5/27/2023,Demott,1
26,false,4/9/2023,4/28/2023,Had,1
27,true,12/18/2023,10/6/2023,Clim,1
28,false,9/21/2023,10/10/2023,Gertrudis,1
29,false,12/29/2023,6/16/2023,Beatriz,1
30,false,4/9/2023,3/6/2023,Clovis,1
31,false,11/7/2023,3/3/2023,Elaina,1
32,true,11/20/2023,8/15/2023,Dione,1
33,true,1/25/2023,5/4/2023,Kev,1
34,true,1/11/2024,3/4/2023,Dixie,1
35,false,9/7/2023,10/11/2023,Willabella,1
36,false,5/13/2023,6/10/2023,Adrianna,1
37,false,12/4/2023,3/20/2023,Feodor,1
38,false,11/17/2023,10/30/2023,Neda,1
39,true,2/19/2023,11/25/2023,Axe,1
40,false,2/24/2023,11/22/2023,Elladine,1
41,true,6/21/2023,5/31/2023,Tabatha,1
42,true,3/12/2023,9/22/2023,Cornie,1
43,true,4/19/2023,4/7/2023,Binny,1
44,false,8/12/2023,8/12/2023,Renae,1
45,false,12/8/2023,11/20/2023,Vail,1
46,true,6/3/2023,11/17/2023,Stefano,1
47,true,8/23/2023,3/16/2023,Celestyna,1
48,false,8/12/2023,12/27/2023,Emanuel,1
49,true,2/13/2023,3/14/2023,Chastity,1
50,true,10/9/2023,1/22/2023,Ignace,1
51,false,12/9/2023,3/8/2023,Elmer,1
52,false,11/23/2023,11/9/2023,Jeramey,1
53,true,9/19/2023,7/19/2023,Alta,1
54,true,5/29/2023,8/27/2023,Tybalt,1
55,false,11/8/2023,6/13/2023,Tatum,1
56,true,4/22/2023,12/26/2023,Foss,1
57,true,12/3/2023,2/13/2023,Terri-jo,1
58,true,9/19/2023,10/27/2023,Delora,1
59,false,1/10/2024,6/13/2023,Jojo,1
60,true,12/20/2023,8/31/2023,Marlie,1
61,false,5/30/2023,10/17/2023,Damita,1
62,false,11/5/2023,2/15/2023,Liana,1
63,false,11/23/2023,9/24/2023,Ev,1
64,true,5/16/2023,3/5/2023,Aksel,1
65,true,11/25/2023,12/18/2023,Merl,1
66,false,9/24/2023,5/15/2023,Roxie,1
67,true,11/10/2023,2/27/2023,Maressa,1
68,true,11/30/2023,1/5/2024,Martie,1
69,false,9/5/2023,2/11/2023,Tamara,1
70,false,8/3/2023,11/12/2023,Shelba,1
71,true,7/24/2023,2/6/2023,Zahara,1
72,false,2/7/2023,6/25/2023,Loleta,1
73,false,11/4/2023,3/26/2023,Nev,1
74,false,4/20/2023,11/6/2023,Cazzie,1
75,true,9/18/2023,4/16/2023,Zack,1
76,true,10/21/2023,12/16/2023,Bil,1
77,false,1/30/2023,9/24/2023,Clair,1
78,true,2/17/2023,6/22/2023,Bret,1
79,false,6/10/2023,6/1/2023,Diane,1
80,true,1/12/2024,11/3/2023,Lion,1
81,true,7/30/2023,6/4/2023,Alverta,1
82,true,12/30/2023,7/24/2023,Wilmar,1
83,false,12/17/2023,12/5/2023,Grantley,1
84,true,10/13/2023,9/2/2023,Brianne,1
85,true,5/1/2023,7/17/2023,Inge,1
86,true,11/12/2023,7/18/2023,Meredeth,1
87,true,9/4/2023,11/9/2023,Valera,1
88,true,2/9/2023,10/24/2023,Shara,1
89,true,12/24/2023,5/20/2023,Deana,1
90,true,9/5/2023,12/23/2023,Terrijo,1
91,false,10/29/2023,2/25/2023,Vivien,1
92,true,9/13/2023,5/23/2023,Sherilyn,1
93,false,4/8/2023,8/3/2023,Alverta,1
94,false,9/29/2023,2/22/2023,Brendon,1
95,false,4/23/2023,8/1/2023,Lyle,1
96,true,8/21/2023,11/11/2023,Gualterio,1
97,true,1/27/2023,9/9/2023,Ursola,1
98,true,8/24/2023,6/7/2023,Tammi,1
99,false,7/7/2023,4/18/2023,Evy,1
100,true,8/7/2023,8/27/2023,Andrew,1
101,true,10/14/2023,9/25/2023,Elsi,1
102,false,5/14/2023,2/14/2023,Antoinette,1
103,false,10/11/2023,1/10/2024,Arlena,1
104,true,12/10/2023,5/21/2023,Kariotta,1
105,true,9/20/2023,10/15/2023,Frances,1
106,true,7/8/2023,2/16/2023,Maddy,1
107,false,3/4/2023,4/9/2023,Feliza,1
108,false,2/26/2023,8/27/2023,Timothy,1
109,false,6/28/2023,12/21/2023,Desmond,1
110,true,5/7/2023,5/16/2023,Trudie,1
111,true,1/8/2024,8/18/2023,Florette,1
112,true,4/6/2023,6/23/2023,Odell,1
113,true,11/30/2023,5/19/2023,Rhonda,1
114,false,9/10/2023,7/3/2023,Georgie,1
115,false,6/24/2023,9/28/2023,Phylis,1
116,false,1/6/2024,11/17/2023,Granville,1
117,false,10/5/2023,5/7/2023,Carlie,1
118,true,1/21/2023,11/28/2023,Jemmy,1
119,true,2/23/2023,10/27/2023,Nate,1
120,false,4/23/2023,7/12/2023,Edouard,1
121,true,4/9/2023,9/5/2023,Lizbeth,1
122,true,12/26/2023,8/29/2023,Huey,1
123,false,1/22/2023,7/20/2023,Mollie,1
124,false,2/4/2023,3/21/2023,Rayner,1
125,true,10/26/2023,2/5/2023,Poppy,1
126,true,2/8/2023,2/22/2023,Sutherland,1
127,true,7/20/2023,7/27/2023,Willi,1
128,true,10/2/2023,3/1/2023,Parry,1
129,false,12/14/2023,7/13/2023,Beck,1
130,false,3/9/2023,4/10/2023,Dalt,1
131,false,6/13/2023,12/23/2023,Stacy,1
132,false,6/10/2023,11/10/2023,Giustina,1
133,false,11/2/2023,4/9/2023,Shaun,1
134,true,12/19/2023,9/8/2023,Sonia,1
135,true,6/9/2023,5/7/2023,Sibelle,1
136,true,7/10/2023,5/17/2023,Lewiss,1
137,false,9/22/2023,11/29/2023,Mollee,1
138,true,3/26/2023,11/13/2023,Free,1
139,true,6/29/2023,8/11/2023,Ivonne,1
140,true,4/25/2023,6/16/2023,Mal,1
141,false,4/18/2023,5/15/2023,Viviyan,1
142,false,4/11/2023,3/25/2023,Cassie,1
143,true,7/26/2023,5/14/2023,Joelly,1
144,false,10/18/2023,10/25/2023,Mace,1
145,true,10/4/2023,5/24/2023,Sansone,1
146,true,2/14/2023,10/6/2023,Matias,1
147,false,10/7/2023,3/17/2023,Hi,1
148,false,3/28/2023,5/8/2023,Hunter,1
149,false,5/26/2023,12/9/2023,Tedda,1
150,false,7/15/2023,2/24/2023,Jessie,1
151,false,7/16/2023,12/14/2023,Jobey,1
152,true,4/9/2023,12/9/2023,Randee,1
153,false,2/23/2023,4/20/2023,Ulrica,1
154,true,5/25/2023,5/13/2023,Zonnya,1
155,true,11/8/2023,8/15/2023,Kelsey,1
156,false,6/13/2023,12/9/2023,Bartlet,1
157,true,2/7/2023,8/25/2023,Reggie,1
158,true,10/15/2023,7/9/2023,Lanni,1
159,true,5/17/2023,2/16/2023,Persis,1
160,false,7/14/2023,9/6/2023,Killian,1
161,false,12/1/2023,11/18/2023,Floyd,1
162,false,1/5/2024,7/18/2023,Germain,1
163,false,1/8/2024,11/26/2023,Angelica,1
164,false,8/4/2023,1/3/2024,Maryjane,1
165,true,4/15/2023,1/16/2023,Dick,1
166,false,4/9/2023,11/15/2023,Melly,1
167,true,3/26/2023,8/13/2023,Sibylla,1
168,true,9/14/2023,5/14/2023,Janey,1
169,true,6/15/2023,10/18/2023,Reggis,1
170,false,11/26/2023,4/25/2023,Danyelle,1
171,true,11/21/2023,5/27/2023,Roman,1
172,false,3/20/2023,6/15/2023,Etheline,1
173,true,2/9/2023,7/6/2023,Julia,1
174,false,8/23/2023,3/27/2023,Vernice,1
175,true,2/3/2023,12/20/2023,Claire,1
176,true,11/10/2023,12/13/2023,Stanleigh,1
177,false,5/27/2023,1/23/2023,Adlai,1
178,false,1/19/2023,4/22/2023,Minnie,1
179,false,6/20/2023,5/6/2023,Sybyl,1
180,true,12/11/2023,8/1/2023,Anabella,1
181,true,12/24/2023,3/22/2023,Iona,1
182,false,5/30/2023,9/1/2023,Israel,1
183,true,6/17/2023,12/28/2023,Nichols,1
184,true,6/20/2023,12/3/2023,Guglielma,1
185,false,2/7/2023,8/8/2023,Georgette,1
186,true,10/15/2023,7/21/2023,Athene,1
187,true,10/9/2023,6/8/2023,Mort,1
188,true,2/3/2023,6/24/2023,Clerc,1
189,true,11/18/2023,11/14/2023,Henry,1
190,false,11/28/2023,7/15/2023,Jewelle,1
191,true,12/6/2023,4/6/2023,Trevar,1
192,true,5/17/2023,5/16/2023,Leta,1
193,false,10/26/2023,3/11/2023,Silvain,1
194,true,8/14/2023,9/10/2023,Callie,1
195,true,2/6/2023,3/30/2023,Gabi,1
196,false,12/19/2023,9/24/2023,Ursulina,1
197,true,8/28/2023,8/31/2023,Lidia,1
198,false,7/5/2023,4/11/2023,Hillyer,1
199,true,9/6/2023,1/7/2024,Arturo,1
200,false,1/5/2024,7/1/2023,Kikelia,1
201,false,6/22/2023,3/14/2023,Elfreda,1
202,false,10/20/2023,8/12/2023,Adaline,1
203,true,10/5/2023,10/17/2023,Isabel,1
204,true,1/5/2024,11/5/2023,Carol-jean,1
205,true,11/5/2023,7/19/2023,Jdavie,1
206,false,12/18/2023,3/30/2023,Anna,1
207,true,5/8/2023,3/2/2023,Catha,1
208,false,8/5/2023,1/17/2023,Cad,1
209,true,6/22/2023,10/31/2023,Solly,1
210,true,12/22/2023,7/4/2023,Clementius,1
211,true,12/7/2023,1/7/2024,Hurley,1
212,false,5/24/2023,12/5/2023,Faustine,1
213,false,5/30/2023,6/11/2023,Catharina,1
214,true,2/28/2023,11/15/2023,Shalna,1
215,false,1/16/2023,6/12/2023,Konrad,1
216,true,8/1/2023,1/16/2023,Nester,1
217,false,5/24/2023,10/9/2023,Mindy,1
218,false,11/1/2023,3/24/2023,Thorndike,1
219,false,8/27/2023,5/31/2023,Sibel,1
220,false,5/5/2023,12/29/2023,Teddi,1
221,true,3/31/2023,4/17/2023,Danette,1
222,false,3/9/2023,4/3/2023,Merrielle,1
223,true,3/22/2023,9/23/2023,Sabine,1
224,false,1/20/2023,12/24/2023,Huberto,1
225,false,4/6/2023,6/22/2023,Gilligan,1
226,false,11/3/2023,11/19/2023,Rainer,1
227,true,11/14/2023,2/18/2023,Tremain,1
228,true,9/9/2023,6/16/2023,Artie,1
229,true,3/2/2023,2/27/2023,Masha,1
230,false,6/29/2023,10/3/2023,Cherrita,1
231,false,2/13/2023,5/4/2023,Margo,1
232,true,5/24/2023,7/16/2023,Falkner,1
233,true,2/23/2023,4/2/2023,Leontine,1
234,true,6/4/2023,6/14/2023,Val,1
235,false,4/9/2023,1/1/2024,Freddie,1
236,false,5/2/2023,2/15/2023,Audi,1
237,true,2/9/2023,6/21/2023,Tull,1
238,false,11/12/2023,6/27/2023,Cam,1
239,true,8/21/2023,6/6/2023,Tybalt,1
240,true,8/1/2023,9/11/2023,Marysa,1
241,false,6/18/2023,7/6/2023,Alysia,1
242,false,12/22/2023,6/28/2023,Sandro,1
243,true,6/9/2023,6/12/2023,Lyle,1
244,true,9/18/2023,8/3/2023,Suzanne,1
245,true,4/17/2023,5/5/2023,Alonso,1
246,true,7/31/2023,5/4/2023,Averill,1
247,false,12/24/2023,4/11/2023,Fredelia,1
248,true,10/30/2023,12/25/2023,Odey,1
249,false,2/16/2023,1/15/2024,Savina,1
250,false,3/10/2023,10/1/2023,Lenci,1
251,false,2/27/2023,4/2/2023,Isa,1
252,true,11/14/2023,3/10/2023,Benedict,1
253,false,5/16/2023,3/12/2023,Merv,1
254,false,6/17/2023,2/8/2023,Kendra,1
255,false,6/1/2023,11/11/2023,Cammy,1
256,true,6/4/2023,9/26/2023,Davie,1
257,true,1/18/2023,6/14/2023,Yul,1
258,false,7/5/2023,11/7/2023,Gusti,1
259,false,9/17/2023,9/25/2023,Dela,1
260,false,12/13/2023,1/29/2023,Lanny,1
261,false,9/29/2023,3/2/2023,Diena,1
262,true,9/7/2023,2/13/2023,Chicky,1
263,false,2/28/2023,6/23/2023,Jodi,1
264,false,5/2/2023,8/13/2023,Marice,1
265,true,4/1/2023,2/13/2023,Marne,1
266,true,6/19/2023,5/26/2023,Dexter,1
267,false,7/17/2023,8/18/2023,Wolf,1
268,true,8/3/2023,6/23/2023,Dwight,1
269,false,12/27/2023,5/19/2023,Rochester,1
270,false,10/29/2023,6/8/2023,Hertha,1
271,false,7/31/2023,11/29/2023,Margaret,1
272,true,12/15/2023,8/6/2023,Zerk,1
273,true,12/20/2023,11/4/2023,Dianna,1
274,true,11/28/2023,2/16/2023,Page,1
275,false,4/20/2023,12/25/2023,Agnola,1
276,true,11/22/2023,9/8/2023,Lynnett,1
277,true,3/1/2023,9/17/2023,Nissy,1
278,false,6/7/2023,12/14/2023,Jobi,1
279,true,4/28/2023,9/1/2023,Adriaens,1
280,true,5/3/2023,4/9/2023,Suzann,1
281,false,5/22/2023,5/30/2023,Dolli,1
282,true,10/1/2023,10/27/2023,Collette,1
283,false,6/8/2023,8/20/2023,Tori,1
284,true,11/14/2023,10/3/2023,Orsola,1
285,true,5/7/2023,11/6/2023,Anatole,1
286,false,8/31/2023,10/10/2023,Eda,1
287,false,5/21/2023,4/13/2023,Jojo,1
288,false,8/11/2023,5/3/2023,Wini,1
289,false,5/16/2023,3/2/2023,Alec,1
290,true,1/27/2023,12/23/2023,Muriel,1
291,true,1/15/2024,11/7/2023,Brandie,1
292,false,6/2/2023,5/23/2023,Boonie,1
293,true,1/5/2024,7/22/2023,Eddi,1
294,true,3/22/2023,6/25/2023,Sarajane,1
295,true,6/20/2023,5/10/2023,Lian,1
296,false,4/30/2023,4/17/2023,Idaline,1
297,true,12/23/2023,2/15/2023,Meier,1
298,true,2/21/2023,8/9/2023,Tamara,1
299,true,9/26/2023,7/23/2023,Alikee,1
300,true,4/4/2023,12/24/2023,Jonah,1
301,false,6/29/2023,10/15/2023,Missie,1
302,true,10/27/2023,12/1/2023,Rivi,1
303,true,8/1/2023,8/8/2023,Lolita,1
304,false,9/19/2023,10/6/2023,Cari,1
305,false,10/29/2023,10/2/2023,Jourdan,1
306,false,3/18/2023,2/16/2023,Casi,1
307,false,2/3/2023,7/20/2023,Nicky,1
308,false,8/31/2023,2/7/2023,Coralyn,1
309,false,7/2/2023,9/30/2023,Eileen,1
310,true,3/12/2023,9/16/2023,Berke,1
311,true,11/19/2023,4/28/2023,Cissiee,1
312,false,5/20/2023,11/25/2023,Letitia,1
313,true,6/29/2023,12/25/2023,Ebenezer,1
314,false,12/30/2023,4/7/2023,Dominik,1
315,true,1/22/2023,10/27/2023,Emmalynn,1
316,true,2/20/2023,4/1/2023,Carlina,1
317,true,8/18/2023,5/24/2023,Tito,1
318,true,6/16/2023,5/13/2023,Ellswerth,1
319,false,10/20/2023,1/7/2024,Cherie,1
320,true,9/17/2023,12/26/2023,Ara,1
321,true,8/29/2023,4/18/2023,Heinrik,1
322,true,3/30/2023,2/27/2023,Meier,1
323,true,2/21/2023,12/9/2023,Jessey,1
324,false,11/20/2023,9/22/2023,Reeva,1
325,false,5/10/2023,7/8/2023,Adi,1
326,true,8/15/2023,7/16/2023,Jesse,1
327,true,1/11/2024,9/5/2023,Christoph,1
328,false,4/24/2023,12/13/2023,Ruby,1
329,false,8/18/2023,11/11/2023,Tilly,1
330,true,4/9/2023,5/19/2023,Cassandre,1
331,true,6/25/2023,12/26/2023,Benito,1
332,false,7/1/2023,11/20/2023,Feodor,1
333,false,3/31/2023,7/26/2023,Thornton,1
334,false,2/21/2023,8/24/2023,Alysia,1
335,true,8/21/2023,11/27/2023,Elfrieda,1
336,false,1/31/2023,8/26/2023,Seward,1
337,false,11/8/2023,3/3/2023,Celene,1
338,false,7/31/2023,5/6/2023,Del,1
339,false,7/2/2023,3/17/2023,Mel,1
340,true,2/1/2023,8/26/2023,Drew,1
341,false,12/9/2023,7/13/2023,Linet,1
342,false,9/17/2023,2/18/2023,Sigismond,1
343,false,7/6/2023,2/26/2023,Dorita,1
344,false,7/2/2023,6/21/2023,Ealasaid,1
345,true,10/6/2023,6/26/2023,Aveline,1
346,false,5/22/2023,2/4/2023,Larissa,1
347,false,2/19/2023,3/24/2023,Didi,1
348,false,10/22/2023,11/21/2023,Dasie,1
349,true,7/3/2023,6/28/2023,Koo,1
350,false,6/10/2023,4/23/2023,Sukey,1
351,false,1/11/2024,5/28/2023,Sayer,1
352,false,11/28/2023,9/8/2023,Lindi,1
353,true,5/2/2023,6/5/2023,Linoel,1
354,true,12/20/2023,9/28/2023,Quinn,1
355,false,1/25/2023,5/16/2023,Paulie,1
356,false,9/9/2023,2/1/2023,Maximilianus,1
357,false,9/5/2023,6/4/2023,Odessa,1
358,false,5/24/2023,9/24/2023,Edi,1
359,false,1/8/2024,9/14/2023,Herman,1
360,true,11/13/2023,2/27/2023,Darda,1
361,true,9/29/2023,10/23/2023,Laughton,1
362,false,12/21/2023,1/26/2023,Arielle,1
363,true,7/6/2023,10/6/2023,Hebert,1
364,true,8/28/2023,5/24/2023,Thorsten,1
365,false,4/30/2023,10/3/2023,Addi,1
366,false,6/6/2023,3/7/2023,Tonnie,1
367,true,1/15/2024,4/6/2023,Nev,1
368,true,12/14/2023,6/26/2023,Matty,1
369,false,2/18/2023,2/21/2023,Stanford,1
370,true,1/19/2023,5/9/2023,Kelci,1
371,false,1/27/2023,1/11/2024,Allistir,1
372,true,12/19/2023,1/15/2024,Stesha,1
373,false,5/30/2023,9/20/2023,Clevey,1
374,false,8/14/2023,1/15/2024,Minnie,1
375,true,7/5/2023,4/14/2023,Larina,1
376,true,3/29/2023,11/10/2023,Monique,1
377,false,12/26/2023,10/3/2023,Callida,1
378,true,4/26/2023,7/17/2023,Prinz,1
379,false,12/8/2023,7/19/2023,Antonina,1
380,true,11/25/2023,7/28/2023,Solomon,1
381,false,1/5/2024,6/23/2023,Florentia,1
382,false,8/27/2023,11/6/2023,Susi,1
383,false,12/27/2023,10/11/2023,Madelena,1
384,true,9/3/2023,7/19/2023,Alfy,1
385,false,8/26/2023,10/7/2023,Jocelyn,1
386,false,7/29/2023,4/28/2023,Justis,1
387,true,6/28/2023,1/4/2024,Carlota,1
388,true,5/14/2023,11/17/2023,Rodrique,1
389,true,2/24/2023,9/8/2023,Christophorus,1
390,false,3/24/2023,3/1/2023,Adair,1
391,true,8/9/2023,11/1/2023,Rufus,1
392,false,4/26/2023,4/7/2023,Henryetta,1
393,false,10/1/2023,10/26/2023,Gena,1
394,false,8/17/2023,11/12/2023,Tammy,1
395,false,2/20/2023,5/16/2023,Tiffanie,1
396,false,7/21/2023,6/16/2023,Clementius,1
397,true,7/15/2023,4/20/2023,Jonas,1
398,false,3/6/2023,11/9/2023,Patty,1
399,false,2/1/2023,11/14/2023,Jackie,1
400,true,5/18/2023,2/20/2023,Sawyere,1
401,false,8/6/2023,4/15/2023,Brooks,1
402,true,1/19/2023,7/24/2023,Idaline,1
403,false,1/30/2023,8/30/2023,Bunny,1
404,true,3/30/2023,1/2/2024,Benedikt,1
405,true,11/11/2023,3/4/2023,Bonni,1
406,false,3/11/2023,12/21/2023,Tyson,1
407,false,12/21/2023,11/10/2023,Carlyn,1
408,true,11/17/2023,9/14/2023,Mathilda,1
409,true,12/5/2023,9/2/2023,Eleanora,1
410,false,11/27/2023,4/17/2023,Willi,1
411,true,5/14/2023,5/19/2023,Arther,1
412,false,11/2/2023,8/21/2023,Jeannine,1
413,false,3/9/2023,9/12/2023,Cheston,1
414,true,8/4/2023,12/25/2023,Debra,1
415,false,12/14/2023,7/12/2023,Alberik,1
416,true,6/28/2023,3/29/2023,Jack,1
417,false,1/11/2024,8/23/2023,Arther,1
418,false,6/18/2023,5/17/2023,Chico,1
419,true,12/25/2023,7/15/2023,Arnoldo,1
420,true,12/18/2023,6/19/2023,Sosanna,1
421,true,5/17/2023,4/20/2023,Ervin,1
422,true,7/24/2023,11/23/2023,Laural,1
423,true,1/2/2024,10/4/2023,Barnie,1
424,true,8/14/2023,3/5/2023,Jenifer,1
425,true,5/5/2023,11/15/2023,Isadore,1
426,false,2/26/2023,6/11/2023,Ajay,1
427,false,8/7/2023,3/26/2023,Rhys,1
428,true,2/23/2023,4/13/2023,Giles,1
429,true,9/30/2023,1/1/2024,Cirstoforo,1
430,true,9/3/2023,5/28/2023,Aggy,1
431,false,5/18/2023,7/17/2023,Arluene,1
432,false,3/11/2023,12/11/2023,Saundra,1
433,true,3/29/2023,11/29/2023,Kitty,1
434,true,6/15/2023,3/6/2023,Edgar,1
435,false,1/4/2024,1/2/2024,Loree,1
436,false,2/21/2023,1/30/2023,Gregorius,1
437,false,12/27/2023,6/30/2023,Ches,1
438,false,9/9/2023,4/17/2023,Ruth,1
439,false,7/22/2023,10/25/2023,Deane,1
440,false,10/13/2023,8/15/2023,Cesare,1
441,true,2/20/2023,8/24/2023,Jeffry,1
442,false,3/16/2023,2/24/2023,Ailina,1
443,true,3/21/2023,8/25/2023,Louisa,1
444,true,1/5/2024,2/7/2023,Rene,1
445,true,10/8/2023,9/30/2023,Fayette,1
446,true,11/5/2023,8/25/2023,Jolynn,1
447,false,2/13/2023,12/25/2023,Deane,1
448,false,9/23/2023,3/28/2023,Ali,1
449,true,12/7/2023,7/27/2023,Adolph,1
450,false,1/28/2023,7/9/2023,Danika,1
451,true,1/29/2023,1/28/2023,Nanny,1
452,true,10/23/2023,11/18/2023,Thekla,1
453,false,3/28/2023,9/20/2023,Syd,1
454,false,12/8/2023,12/6/2023,Ernestus,1
455,true,10/28/2023,9/17/2023,Shayna,1
456,false,11/12/2023,2/19/2023,Cynthie,1
457,true,1/6/2024,4/6/2023,Anthiathia,1
458,false,3/13/2023,6/24/2023,Annie,1
459,true,1/1/2024,8/16/2023,Gino,1
460,false,4/5/2023,9/17/2023,Colan,1
461,true,12/29/2023,10/30/2023,Mallory,1
462,false,11/13/2023,10/25/2023,Rosemarie,1
463,false,7/13/2023,12/7/2023,Collete,1
464,false,5/12/2023,12/4/2023,Gerladina,1
465,true,3/26/2023,7/1/2023,Phedra,1
466,false,8/30/2023,3/27/2023,Joycelin,1
467,true,7/30/2023,11/3/2023,Phil,1
468,true,5/14/2023,11/30/2023,Geneva,1
469,false,9/4/2023,1/23/2023,Dar,1
470,true,5/24/2023,7/9/2023,Tamera,1
471,true,6/12/2023,11/26/2023,Jeremie,1
472,false,7/21/2023,11/2/2023,Sloane,1
473,true,7/19/2023,9/24/2023,Sergio,1
474,false,4/2/2023,6/17/2023,Addi,1
475,true,11/6/2023,5/2/2023,Granville,1
476,false,3/22/2023,5/10/2023,Jobyna,1
477,false,10/9/2023,7/18/2023,Ahmad,1
478,true,7/9/2023,7/22/2023,Robinett,1
479,true,1/21/2023,4/27/2023,Amargo,1
480,false,1/20/2023,4/19/2023,Gwenni,1
481,false,5/11/2023,3/26/2023,Milty,1
482,true,11/4/2023,1/31/2023,Queenie,1
483,true,8/17/2023,8/26/2023,Alexandr,1
484,true,5/2/2023,2/2/2023,El,1
485,true,7/19/2023,7/5/2023,Barbey,1
486,false,9/5/2023,10/2/2023,Vito,1
487,true,2/7/2023,9/10/2023,Washington,1
488,true,6/29/2023,1/31/2023,Maressa,1
489,false,6/17/2023,12/30/2023,Ede,1
490,false,2/7/2023,10/20/2023,Basile,1
491,false,3/17/2023,8/1/2023,Erhard,1
492,true,3/3/2023,4/9/2023,Cecily,1
493,true,12/5/2023,3/31/2023,Chucho,1
494,false,10/27/2023,4/18/2023,Saraann,1
495,true,10/30/2023,3/18/2023,Carolann,1
496,false,6/22/2023,7/1/2023,Sashenka,1
497,false,1/28/2023,6/4/2023,Lowe,1
498,true,5/20/2023,5/9/2023,Brenn,1
499,true,3/4/2023,2/13/2023,Ericka,1
500,false,3/31/2023,7/16/2023,Keelia,1
501,false,11/23/2023,7/21/2023,Arlin,1
502,true,8/13/2023,4/12/2023,Jenna,1
503,true,5/3/2023,7/26/2023,Willie,1
504,true,2/18/2023,3/23/2023,Hodge,1
505,false,12/29/2023,6/20/2023,Karlotta,1
506,false,6/13/2023,5/20/2023,Roxana,1
507,false,9/14/2023,8/6/2023,Halley,1
508,true,10/22/2023,12/26/2023,Lindsay,1
509,false,5/11/2023,6/21/2023,Gerald,1
510,false,3/27/2023,9/14/2023,Maurice,1
511,false,9/21/2023,2/9/2023,Danell,1
512,true,10/25/2023,4/19/2023,Rianon,1
513,true,7/5/2023,2/19/2023,Theodosia,1
514,true,10/21/2023,6/4/2023,Imogen,1
515,false,2/13/2023,8/11/2023,Cheri,1
516,false,10/27/2023,10/3/2023,Nicolai,1
517,false,11/17/2023,7/19/2023,Wenona,1
518,false,11/25/2023,7/30/2023,Noami,1
519,true,1/27/2023,11/20/2023,Arin,1
520,false,12/4/2023,7/29/2023,Mabel,1
521,false,9/16/2023,8/23/2023,Wainwright,1
522,false,9/26/2023,9/24/2023,Risa,1
523,true,2/12/2023,3/12/2023,Angelika,1
524,true,6/14/2023,8/12/2023,Myrtice,1
525,false,2/1/2023,10/5/2023,Gary,1
526,true,1/28/2023,12/4/2023,Matthias,1
527,true,4/6/2023,1/23/2023,Iolande,1
528,false,7/12/2023,3/4/2023,Broddy,1
529,true,4/25/2023,4/26/2023,Tabbatha,1
530,true,4/3/2023,10/8/2023,Joella,1
531,false,10/18/2023,2/26/2023,Arleyne,1
532,false,8/25/2023,1/24/2023,Harp,1
533,true,3/12/2023,1/9/2024,Anderson,1
534,true,4/22/2023,3/8/2023,Balduin,1
535,true,5/4/2023,3/8/2023,Ulric,1
536,false,2/21/2023,8/18/2023,Genni,1
537,true,11/12/2023,9/28/2023,Marguerite,1
538,true,2/9/2023,5/15/2023,Constantin,1
539,true,10/8/2023,10/30/2023,Horace,1
540,false,7/28/2023,3/6/2023,Kelwin,1
541,false,9/16/2023,7/23/2023,Wandie,1
542,true,10/8/2023,8/15/2023,Annalee,1
543,true,1/18/2023,5/12/2023,Geordie,1
544,true,4/25/2023,4/25/2023,Stephana,1
545,false,8/24/2023,3/15/2023,Joleen,1
546,false,9/4/2023,6/17/2023,Ronald,1
547,true,8/2/2023,1/14/2024,Bethany,1
548,false,7/22/2023,1/29/2023,Shay,1
549,true,5/14/2023,10/15/2023,Kial,1
550,true,7/4/2023,8/30/2023,Chet,1
551,false,1/4/2024,12/20/2023,Gennie,1
552,false,7/19/2023,1/7/2024,Ferdinand,1
553,true,10/13/2023,11/6/2023,Lethia,1
554,true,3/17/2023,9/27/2023,Rene,1
555,false,6/8/2023,9/9/2023,Merwin,1
556,true,3/1/2023,7/6/2023,Eugenius,1
557,false,8/10/2023,8/8/2023,Pauly,1
558,true,7/31/2023,7/22/2023,Zaccaria,1
559,false,5/17/2023,2/7/2023,Vilma,1
560,false,12/1/2023,4/12/2023,Jehu,1
561,false,1/14/2024,11/8/2023,Skippie,1
562,false,2/19/2023,12/15/2023,Philis,1
563,false,1/3/2024,8/9/2023,Swen,1
564,true,5/3/2023,2/25/2023,Daisi,1
565,false,1/7/2024,10/28/2023,Farrand,1
566,true,7/21/2023,12/17/2023,Melisande,1
567,false,6/4/2023,7/31/2023,Dinah,1
568,false,1/2/2024,4/4/2023,Danella,1
569,false,3/1/2023,7/26/2023,Romola,1
570,true,12/21/2023,2/2/2023,Bryn,1
571,true,1/8/2024,6/3/2023,Erhart,1
572,false,9/29/2023,9/4/2023,Kerri,1
573,false,2/10/2023,6/5/2023,Salmon,1
574,true,1/23/2023,2/4/2023,Pooh,1
575,false,8/8/2023,5/8/2023,Cymbre,1
576,true,2/26/2023,1/2/2024,Monro,1
577,false,5/1/2023,1/13/2024,Jacquette,1
578,false,8/25/2023,11/12/2023,Barri,1
579,true,12/14/2023,11/20/2023,Rube,1
580,false,6/12/2023,6/2/2023,Elicia,1
581,false,7/29/2023,1/7/2024,Anabelle,1
582,true,2/7/2023,12/2/2023,Idelle,1
583,false,10/17/2023,10/22/2023,Udell,1
584,true,10/27/2023,7/8/2023,Kahlil,1
585,true,7/23/2023,1/16/2023,Nettie,1
586,true,4/4/2023,4/16/2023,Meagan,1
587,true,7/21/2023,10/8/2023,Holt,1
588,true,12/17/2023,6/23/2023,Corabel,1
589,true,3/30/2023,5/1/2023,Myranda,1
590,false,10/29/2023,4/23/2023,Hilliary,1
591,true,2/18/2023,5/14/2023,Cchaddie,1
592,false,11/22/2023,8/14/2023,Quintina,1
593,false,5/12/2023,3/12/2023,Georges,1
594,true,4/22/2023,12/17/2023,Shelba,1
595,false,11/11/2023,11/19/2023,Godwin,1
596,false,3/26/2023,9/7/2023,Lennie,1
597,false,10/5/2023,10/6/2023,Tammie,1
598,false,6/11/2023,9/15/2023,Janaya,1
599,false,12/12/2023,10/8/2023,Genovera,1
600,false,3/6/2023,11/10/2023,Andree,1
601,false,8/3/2023,1/15/2024,Waverly,1
602,true,8/24/2023,12/8/2023,Irvine,1
603,true,7/2/2023,5/15/2023,Orelle,1
604,false,6/30/2023,12/9/2023,Bale,1
605,false,8/20/2023,12/4/2023,Kizzie,1
606,false,8/25/2023,4/27/2023,Wilburt,1
607,false,6/28/2023,6/25/2023,Ashbey,1
608,false,2/16/2023,1/13/2024,Dayle,1
609,false,6/27/2023,7/2/2023,Elysee,1
610,true,11/25/2023,12/18/2023,Alix,1
611,true,9/10/2023,7/28/2023,Florance,1
612,false,9/13/2023,4/14/2023,Pinchas,1
613,false,1/4/2024,4/17/2023,Gleda,1
614,false,1/23/2023,5/18/2023,Coletta,1
615,false,7/16/2023,10/14/2023,Roxi,1
616,true,10/25/2023,2/26/2023,Garv,1
617,true,12/17/2023,12/26/2023,Arda,1
618,false,3/20/2023,9/3/2023,Kimberly,1
619,true,10/11/2023,7/20/2023,Ansley,1
620,false,12/4/2023,5/31/2023,Cordie,1
621,false,4/26/2023,7/8/2023,Denice,1
622,true,7/15/2023,6/18/2023,Tannie,1
623,true,5/5/2023,5/22/2023,Lorens,1
624,true,6/9/2023,5/13/2023,Eli,1
625,false,7/28/2023,10/7/2023,Biddy,1
626,false,7/25/2023,12/30/2023,Alley,1
627,false,5/27/2023,7/20/2023,Janeczka,1
628,true,5/21/2023,8/4/2023,Jesselyn,1
629,false,12/26/2023,6/22/2023,Celle,1
630,true,8/27/2023,6/1/2023,Tiffy,1
631,true,12/8/2023,2/22/2023,Jacob,1
632,false,5/16/2023,7/30/2023,Ban,1
633,true,12/5/2023,12/28/2023,Cheri,1
634,true,7/12/2023,6/23/2023,Dani,1
635,true,11/14/2023,12/21/2023,Mort,1
636,true,1/20/2023,5/20/2023,Larisa,1
637,true,10/17/2023,5/19/2023,Myrna,1
638,false,5/16/2023,6/7/2023,Ammamaria,1
639,false,9/9/2023,11/27/2023,Tate,1
640,true,11/26/2023,2/4/2023,Jose,1
641,false,8/19/2023,7/11/2023,Goldina,1
642,false,2/7/2023,1/11/2024,Jere,1
643,true,7/11/2023,2/8/2023,Pryce,1
644,true,5/18/2023,5/24/2023,Almeda,1
645,false,10/25/2023,9/30/2023,Robinson,1
646,true,5/23/2023,8/3/2023,Catharine,1
647,true,12/21/2023,8/25/2023,Drake,1
648,true,7/6/2023,10/7/2023,Holly,1
649,true,6/21/2023,10/18/2023,Cooper,1
650,false,12/15/2023,10/28/2023,Paige,1
651,false,9/10/2023,7/23/2023,Bobbee,1
652,false,10/13/2023,1/6/2024,Tish,1
653,true,6/28/2023,11/24/2023,Tamqrah,1
654,false,11/22/2023,3/17/2023,Nannie,1
655,false,1/18/2023,9/1/2023,Davin,1
656,true,4/30/2023,10/28/2023,Frederique,1
657,true,4/21/2023,2/4/2023,Vincent,1
658,false,3/7/2023,9/30/2023,Krystal,1
659,true,10/27/2023,1/16/2023,Pammi,1
660,false,5/8/2023,6/29/2023,Xever,1
661,false,8/31/2023,2/20/2023,Tabbitha,1
662,false,2/1/2023,6/12/2023,Luis,1
663,false,7/20/2023,2/8/2023,Ardella,1
664,true,3/18/2023,6/19/2023,Yolande,1
665,false,4/8/2023,12/2/2023,Finn,1
666,false,1/10/2024,3/6/2023,Elise,1
667,true,10/26/2023,9/24/2023,Giordano,1
668,false,3/29/2023,4/6/2023,Nero,1
669,false,7/8/2023,6/1/2023,Carroll,1
670,true,9/13/2023,1/16/2023,Rosemaria,1
671,true,12/17/2023,4/19/2023,Julie,1
672,false,9/16/2023,5/30/2023,Elenore,1
673,true,1/18/2023,6/6/2023,Nellie,1
674,true,9/23/2023,2/23/2023,Drusie,1
675,true,2/16/2023,8/12/2023,Eal,1
676,true,5/16/2023,2/4/2023,Cleveland,1
677,false,1/21/2023,4/11/2023,Analise,1
678,false,2/23/2023,2/25/2023,Albie,1
679,false,10/16/2023,7/4/2023,Teador,1
680,true,4/26/2023,4/20/2023,Della,1
681,false,9/24/2023,9/21/2023,Evelyn,1
682,false,6/9/2023,6/30/2023,Edik,1
683,true,8/26/2023,9/21/2023,Alard,1
684,false,7/20/2023,8/18/2023,Sarge,1
685,false,10/15/2023,5/8/2023,Goldia,1
686,true,1/7/2024,8/21/2023,Alberta,1
687,true,8/5/2023,11/25/2023,Ozzie,1
688,false,8/4/2023,4/16/2023,Gwyneth,1
689,false,10/21/2023,8/10/2023,Jermayne,1
690,false,11/1/2023,11/28/2023,Robenia,1
691,false,2/24/2023,7/5/2023,Elmira,1
692,false,11/16/2023,4/19/2023,Abigail,1
693,false,1/25/2023,11/18/2023,Ciro,1
694,false,12/22/2023,8/30/2023,Broddy,1
695,true,10/12/2023,9/30/2023,Annabela,1
696,true,10/12/2023,1/9/2024,Loree,1
697,false,8/22/2023,6/28/2023,Corny,1
698,true,4/26/2023,1/8/2024,Eberhard,1
699,true,1/12/2024,6/12/2023,Leonelle,1
700,true,1/11/2024,7/31/2023,Edy,1
701,false,11/8/2023,5/31/2023,Adair,1
702,false,8/12/2023,8/22/2023,Donnamarie,1
703,false,12/4/2023,2/21/2023,Sallyann,1
704,false,11/1/2023,11/18/2023,Jase,1
705,true,6/2/2023,1/17/2023,Barbabra,1
706,false,1/23/2023,4/20/2023,Grenville,1
707,true,10/22/2023,11/5/2023,Nellie,1
708,true,5/25/2023,5/7/2023,Pembroke,1
709,false,2/21/2023,12/13/2023,Fredric,1
710,false,9/28/2023,11/28/2023,Roseann,1
711,false,5/27/2023,6/5/2023,Cary,1
712,false,5/17/2023,9/6/2023,Lazarus,1
713,false,8/15/2023,3/7/2023,Darsey,1
714,false,1/6/2024,6/13/2023,Obadias,1
715,true,8/2/2023,12/3/2023,Rafaelita,1
716,true,4/1/2023,11/17/2023,Martin,1
717,true,9/13/2023,3/12/2023,Daphne,1
718,false,12/19/2023,1/22/2023,Rebecka,1
719,false,12/5/2023,9/15/2023,Lee,1
720,false,10/25/2023,7/20/2023,Hailee,1
721,false,11/20/2023,12/11/2023,Chane,1
722,false,3/3/2023,10/26/2023,Goldie,1
723,false,3/3/2023,3/6/2023,Julita,1
724,true,12/28/2023,6/24/2023,Anett,1
725,false,3/2/2023,3/15/2023,Gael,1
726,true,9/1/2023,12/1/2023,Abbey,1
727,false,2/5/2023,3/10/2023,Norman,1
728,false,8/5/2023,9/30/2023,Duff,1
729,true,2/7/2023,7/3/2023,Gigi,1
730,true,5/28/2023,7/21/2023,Rafaela,1
731,false,9/5/2023,5/16/2023,Stern,1
732,true,3/20/2023,12/17/2023,Yolane,1
733,false,7/3/2023,6/8/2023,Diannne,1
734,true,11/26/2023,10/11/2023,Stanford,1
735,true,7/17/2023,11/30/2023,Giselle,1
736,true,2/7/2023,11/26/2023,Padriac,1
737,true,5/28/2023,10/28/2023,Eydie,1
738,true,2/12/2023,5/30/2023,Jehu,1
739,false,1/8/2024,12/20/2023,Alica,1
740,false,3/9/2023,10/20/2023,Rafaelita,1
741,true,2/14/2023,1/29/2023,Olwen,1
742,false,4/2/2023,12/15/2023,Flossi,1
743,false,4/12/2023,4/11/2023,Rollins,1
744,false,9/10/2023,1/7/2024,Inglebert,1
745,false,7/21/2023,12/27/2023,Drucill,1
746,true,5/17/2023,11/17/2023,Derwin,1
747,false,11/17/2023,11/30/2023,Murielle,1
748,true,4/8/2023,4/22/2023,Martelle,1
749,true,12/11/2023,4/4/2023,Stafani,1
750,true,2/20/2023,10/8/2023,Dianne,1
751,true,3/15/2023,6/2/2023,Sidoney,1
752,true,7/8/2023,6/16/2023,Lodovico,1
753,true,8/29/2023,11/2/2023,Germayne,1
754,false,5/13/2023,7/23/2023,Tandy,1
755,false,9/25/2023,7/1/2023,Arley,1
756,true,7/21/2023,2/27/2023,Oates,1
757,true,11/5/2023,5/4/2023,Hanson,1
758,false,3/29/2023,2/23/2023,Willie,1
759,true,6/18/2023,7/19/2023,Goldia,1
760,false,1/27/2023,3/22/2023,Row,1
761,false,4/26/2023,1/6/2024,Phillida,1
762,false,8/15/2023,6/30/2023,Chad,1
763,false,9/5/2023,12/30/2023,Carla,1
764,false,8/5/2023,4/28/2023,Brendis,1
765,true,8/26/2023,11/21/2023,Archer,1
766,false,12/3/2023,4/19/2023,Madella,1
767,true,1/11/2024,11/19/2023,Clerissa,1
768,true,3/27/2023,11/25/2023,Goddard,1
769,false,2/1/2023,12/4/2023,Helga,1
770,true,5/4/2023,11/6/2023,Hillier,1
771,false,11/16/2023,12/9/2023,Novelia,1
772,false,6/30/2023,11/23/2023,Danya,1
773,false,6/10/2023,3/1/2023,Fran,1
774,false,8/28/2023,5/22/2023,Sally,1
775,false,4/25/2023,3/19/2023,Ash,1
776,true,3/28/2023,10/29/2023,Nadiya,1
777,true,11/22/2023,4/17/2023,Ariela,1
778,false,7/24/2023,12/29/2023,Philipa,1
779,false,12/24/2023,9/9/2023,Cilka,1
780,true,3/11/2023,1/29/2023,Merridie,1
781,true,6/3/2023,4/30/2023,Locke,1
782,true,2/25/2023,9/2/2023,Madella,1
783,false,7/24/2023,6/22/2023,Evan,1
784,true,3/20/2023,6/18/2023,Benjy,1
785,true,5/26/2023,9/3/2023,Dionysus,1
786,true,8/7/2023,4/30/2023,Sullivan,1
787,false,2/5/2023,8/16/2023,Tyrone,1
788,true,2/14/2023,1/20/2023,Fernanda,1
789,false,9/1/2023,1/4/2024,Berenice,1
790,false,7/11/2023,8/28/2023,Natty,1
791,true,3/17/2023,8/16/2023,Chadwick,1
792,false,10/3/2023,8/6/2023,Malanie,1
793,false,2/17/2023,1/31/2023,Way,1
794,true,3/21/2023,3/9/2023,Claretta,1
795,true,7/11/2023,11/16/2023,Mari,1
796,true,1/21/2023,9/2/2023,Viviana,1
797,true,1/1/2024,10/12/2023,Orsa,1
798,true,10/3/2023,5/7/2023,Hayward,1
799,false,7/26/2023,4/10/2023,Peggie,1
800,false,10/31/2023,7/19/2023,Ransell,1
801,true,3/12/2023,4/28/2023,Alexis,1
802,true,1/15/2024,6/3/2023,Raquela,1
803,true,7/18/2023,10/26/2023,Maryrose,1
804,false,10/27/2023,8/23/2023,Amelie,1
805,false,1/18/2023,12/31/2023,Lani,1
806,false,4/9/2023,3/22/2023,Guido,1
807,true,3/7/2023,3/16/2023,Arielle,1
808,true,8/25/2023,6/25/2023,Obadiah,1
809,false,2/18/2023,12/4/2023,Gregory,1
810,false,3/1/2023,12/29/2023,Burch,1
811,true,2/7/2023,11/9/2023,Aurore,1
812,true,5/17/2023,9/26/2023,Elyssa,1
813,true,4/25/2023,5/28/2023,Filmer,1
814,true,8/13/2023,4/17/2023,Shannan,1
815,false,3/23/2023,1/8/2024,Chaim,1
816,true,5/28/2023,6/3/2023,Huntley,1
817,true,4/21/2023,4/20/2023,Lauri,1
818,true,7/23/2023,1/13/2024,Elvyn,1
819,true,1/28/2023,1/26/2023,Tiffy,1
820,true,10/1/2023,7/2/2023,Humphrey,1
821,false,12/13/2023,4/19/2023,Lauralee,1
822,true,6/28/2023,4/15/2023,Kristo,1
823,false,4/11/2023,6/1/2023,Lonna,1
824,true,6/21/2023,8/27/2023,Felicio,1
825,true,8/31/2023,11/8/2023,Marty,1
826,false,3/7/2023,6/18/2023,Shepperd,1
827,false,8/29/2023,11/18/2023,Bale,1
828,false,10/2/2023,8/21/2023,Killy,1
829,false,12/3/2023,1/23/2023,Marven,1
830,false,2/3/2023,9/8/2023,Cordelie,1
831,false,3/24/2023,4/11/2023,Shawn,1
832,false,7/30/2023,12/28/2023,Carroll,1
833,false,10/10/2023,2/28/2023,Lydia,1
834,true,2/2/2023,9/29/2023,Alene,1
835,true,6/8/2023,7/17/2023,Mattie,1
836,true,5/21/2023,1/29/2023,Winthrop,1
837,false,8/7/2023,10/7/2023,Karrah,1
838,false,1/1/2024,2/18/2023,Cariotta,1
839,true,4/15/2023,9/9/2023,Janos,1
840,false,2/11/2023,10/2/2023,Torin,1
841,true,4/6/2023,9/23/2023,Carena,1
842,true,5/30/2023,6/26/2023,Hurleigh,1
843,true,1/14/2024,11/27/2023,Nilson,1
844,true,11/11/2023,1/23/2023,Pru,1
845,true,5/11/2023,1/16/2023,Yurik,1
846,false,9/2/2023,8/30/2023,Josee,1
847,false,11/9/2023,12/31/2023,Brockie,1
848,true,4/30/2023,4/4/2023,Lief,1
849,true,10/27/2023,2/9/2023,Mella,1
850,false,2/4/2023,5/12/2023,Ange,1
851,false,4/25/2023,11/22/2023,Ward,1
852,false,4/16/2023,12/14/2023,Lena,1
853,false,1/13/2024,5/17/2023,Hallie,1
854,true,11/19/2023,8/27/2023,Dalli,1
855,true,8/30/2023,11/4/2023,Waldo,1
856,true,7/5/2023,11/14/2023,Ivett,1
857,false,5/16/2023,6/30/2023,Barron,1
858,true,3/15/2023,6/5/2023,Lia,1
859,true,12/24/2023,7/1/2023,Baudoin,1
860,false,2/20/2023,2/21/2023,Hillard,1
861,false,2/22/2023,4/16/2023,Clem,1
862,false,9/2/2023,5/10/2023,Beverlee,1
863,false,11/30/2023,7/22/2023,Myrna,1
864,false,11/21/2023,4/26/2023,Wallis,1
865,false,7/16/2023,4/23/2023,Edythe,1
866,false,10/10/2023,6/19/2023,Roch,1
867,true,3/3/2023,8/29/2023,Monte,1
868,false,8/2/2023,1/8/2024,Ches,1
869,true,10/13/2023,10/21/2023,Karlotta,1
870,true,7/27/2023,6/23/2023,Beret,1
871,true,1/5/2024,12/29/2023,Frederica,1
872,true,3/13/2023,12/20/2023,Bridget,1
873,true,3/13/2023,8/20/2023,Cassy,1
874,false,3/31/2023,1/22/2023,Casandra,1
875,true,3/31/2023,10/3/2023,Antonino,1
876,true,3/10/2023,3/16/2023,Hube,1
877,false,8/29/2023,8/25/2023,Clement,1
878,true,2/25/2023,3/7/2023,Abe,1
879,true,5/4/2023,12/1/2023,Chiquia,1
880,false,8/3/2023,8/17/2023,Melli,1
881,false,8/8/2023,3/14/2023,Nikolai,1
882,false,5/9/2023,10/8/2023,Deb,1
883,false,8/7/2023,12/13/2023,Beverlee,1
884,true,8/3/2023,4/6/2023,Pierrette,1
885,false,2/21/2023,6/29/2023,Jules,1
886,true,5/10/2023,11/12/2023,Misty,1
887,true,7/11/2023,4/15/2023,Leroy,1
888,false,8/4/2023,10/26/2023,Cordey,1
889,false,12/3/2023,11/6/2023,Dur,1
890,true,9/30/2023,5/15/2023,Sanford,1
891,true,4/3/2023,11/12/2023,Talya,1
892,true,6/18/2023,9/1/2023,Latia,1
893,false,9/1/2023,8/6/2023,Trstram,1
894,true,9/9/2023,10/7/2023,Emmit,1
895,true,5/4/2023,3/18/2023,Robers,1
896,true,6/19/2023,6/5/2023,Riannon,1
897,false,9/13/2023,1/22/2023,Kelley,1
898,true,2/26/2023,9/3/2023,Herve,1
899,false,5/18/2023,6/10/2023,Boniface,1
900,false,10/16/2023,3/18/2023,Enid,1
901,true,11/25/2023,12/11/2023,Bernarr,1
902,false,1/1/2024,2/23/2023,Zorah,1
903,false,1/16/2023,10/12/2023,Jordanna,1
904,true,10/14/2023,7/7/2023,Craggie,1
905,true,1/20/2023,2/8/2023,Jackqueline,1
906,true,1/4/2024,1/8/2024,Margalit,1
907,false,2/4/2023,5/1/2023,Jourdain,1
908,false,1/30/2023,8/16/2023,Marten,1
909,true,5/24/2023,12/4/2023,Tyrus,1
910,true,3/27/2023,1/26/2023,Jackquelin,1
911,false,2/3/2023,10/31/2023,Agnola,1
912,false,11/16/2023,2/5/2023,Carolyn,1
913,true,11/3/2023,10/23/2023,Enrika,1
914,false,10/28/2023,12/29/2023,Norrie,1
915,false,12/22/2023,2/19/2023,Merrili,1
916,true,2/22/2023,11/21/2023,Duke,1
917,false,12/9/2023,3/10/2023,Kathrine,1
918,false,8/3/2023,11/25/2023,Pearle,1
919,true,9/5/2023,10/29/2023,Alikee,1
920,true,3/30/2023,9/23/2023,Margareta,1
921,false,6/27/2023,8/10/2023,Alfreda,1
922,true,7/3/2023,3/20/2023,Maynord,1
923,true,12/4/2023,8/21/2023,Noland,1
924,true,5/31/2023,12/25/2023,Misha,1
925,true,5/27/2023,5/30/2023,Ysabel,1
926,true,2/23/2023,10/29/2023,Florida,1
927,false,1/21/2023,1/23/2023,Theobald,1
928,true,6/18/2023,6/21/2023,Averell,1
929,false,2/5/2023,11/17/2023,Oberon,1
930,false,5/1/2023,8/18/2023,Patric,1
931,true,12/11/2023,6/11/2023,Vinny,1
932,true,8/28/2023,8/31/2023,Luis,1
933,true,9/18/2023,8/1/2023,Kiele,1
934,false,8/23/2023,6/9/2023,Ashlin,1
935,true,2/26/2023,7/1/2023,Meyer,1
936,false,2/5/2023,1/4/2024,Arliene,1
937,false,9/19/2023,11/12/2023,Lyn,1
938,false,5/15/2023,9/22/2023,Zoe,1
939,false,1/24/2023,11/29/2023,Tine,1
940,false,9/9/2023,3/8/2023,Lucas,1
941,false,12/19/2023,11/14/2023,Bradley,1
942,true,1/7/2024,9/15/2023,Gill,1
943,true,11/6/2023,6/18/2023,Caryl,1
944,false,7/2/2023,12/3/2023,Aguste,1
945,true,12/2/2023,3/24/2023,Gustaf,1
946,true,6/9/2023,8/20/2023,Katrinka,1
947,false,1/14/2024,4/20/2023,Zelda,1
948,false,11/24/2023,6/19/2023,Garvey,1
949,true,12/21/2023,10/25/2023,Currie,1
950,false,9/8/2023,1/14/2024,Lindi,1
951,true,4/10/2023,10/16/2023,Saunder,1
952,true,5/15/2023,9/28/2023,Everett,1
953,true,9/25/2023,4/14/2023,Aime,1
954,false,9/20/2023,3/14/2023,Brandy,1
955,false,8/26/2023,2/15/2023,Byrom,1
956,true,12/17/2023,3/2/2023,Isak,1
957,true,2/7/2023,5/11/2023,Mariquilla,1
958,false,12/11/2023,1/2/2024,Leanor,1
959,false,3/16/2023,2/8/2023,Muhammad,1
960,true,9/21/2023,5/27/2023,Rossie,1
961,false,9/10/2023,3/26/2023,Tricia,1
962,false,12/5/2023,12/4/2023,Luce,1
963,false,11/20/2023,8/13/2023,Woodrow,1
964,true,12/18/2023,9/15/2023,Iseabal,1
965,false,1/16/2023,12/12/2023,Mateo,1
966,false,6/22/2023,4/23/2023,Viv,1
967,false,9/30/2023,12/7/2023,Shelton,1
968,true,4/4/2023,9/22/2023,Lancelot,1
969,true,10/28/2023,3/12/2023,Zachery,1
970,false,8/27/2023,2/24/2023,Graeme,1
971,true,7/29/2023,5/2/2023,Gian,1
972,true,5/16/2023,10/6/2023,Raven,1
973,false,3/20/2023,3/23/2023,Moe,1
974,false,4/29/2023,9/2/2023,Abran,1
975,true,5/28/2023,1/9/2024,Alair,1
976,true,3/13/2023,9/6/2023,Morgen,1
977,true,7/22/2023,5/8/2023,Joelie,1
978,true,10/4/2023,7/10/2023,Jewell,1
979,true,4/2/2023,7/25/2023,Laverna,1
980,true,6/16/2023,7/29/2023,Berkeley,1
981,false,1/5/2024,3/21/2023,Georgi,1
982,true,12/26/2023,2/10/2023,Juan,1
983,true,12/9/2023,2/7/2023,Mordecai,1
984,false,6/30/2023,7/22/2023,Harri,1
985,true,8/12/2023,2/10/2023,Sara,1
986,true,1/4/2024,1/15/2024,Forester,1
987,false,2/1/2023,1/4/2024,Tate,1
988,false,1/31/2023,6/2/2023,Averill,1
989,true,10/23/2023,2/20/2023,Josefina,1
990,true,4/20/2023,2/23/2023,Cinnamon,1
991,true,8/29/2023,4/27/2023,Lulu,1
992,false,6/9/2023,10/10/2023,Obie,1
993,true,6/20/2023,4/24/2023,Caro,1
994,true,4/8/2023,2/5/2023,Lindy,1
995,false,12/23/2023,6/8/2023,Joey,1
996,false,6/4/2023,7/12/2023,Barnett,1
997,true,3/24/2023,6/22/2023,Trixi,1
998,false,9/26/2023,3/10/2023,Jaye,1
999,false,1/8/2024,3/15/2023,Dwayne,1
1000,true,12/23/2023,2/28/2023,Kristine,1
